diameter,density,gas_density,gas_viscosity,sphericity,voidage,umf
100,2313,1.252,2.00E-05,1,0.48,1.189
100,2984,0.348,4.24E-05,1,0.48,0.723
100,3295,0.558,3.14E-05,1,0.48,1.078
100,2620,1.172,1.86E-05,0.55,0.45,1.22
100,1500,1.212,1.81E-05,1,0.45,0.5
100,2480,1.212,1.81E-05,1,0.45,0.9
100,2620,1.212,1.81E-05,1,0.45,1.16
100,1500,1.212,1.81E-05,1,0.45,0.59
100,3295,0.599,3.63E-05,1,0.48,0.934
100,2650,1.212,1.81E-05,1,0.45,1.6
100,1440,1.212,1.81E-05,1,0.39,0.72
100,2450,1.212,1.80E-05,1,0.45,0.82
100,900,1.212,1.81E-05,1,0.45,0.4
1000,2526,1.212,1.81E-05,1,0.45,64
1000,1460,1.18415,1.85E-05,1,0.45,34.3
1000,2526,1.212,1.81E-05,1,0.45,67
1000,2526,1.212,1.81E-05,1,0.45,68
1000,1040,1.212,1.81E-05,1,0.45,32
1000,2526,1.212,1.81E-05,1,0.45,63.6
1000,1040,1.212,1.81E-05,1,0.45,33
1000,2500,1.212,1.81E-05,1,0.45,56
1000,918,1.225,1.81E-05,1,0.45,24
1000,750,1.225,1.81E-05,1,0.45,20
1000,2700,1.212,1.81E-05,1,0.45,55.8
1000,2930,1.212,1.81E-05,1,0.45,53
1000,2600,0.316220837,4.55E-05,1,0.45,40
1000,2600,1.212,1.81E-05,1,0.45,55
1000,1600,1.2,1.81E-05,1,0.45,53.3
10000,794,1.212,1.81E-05,1,0.45,146
1006,189,1.212,1.81E-05,1,0.45,15
101,2450,1.2,1.80E-05,1,0.41,0.91
101,3120,1.212,1.81E-05,1,0.45,1.08
102.5,1474,1.212,1.81E-05,1,0.45,0.5
102.5,3950,1.212,1.81E-05,1,0.45,1.4
103,1779,1.212,1.81E-05,1,0.45,0.6
103,2620,1.19166443,1.84E-05,0.61,0.45,1.09
1040,1080,1.212,1.81E-05,1,0.45,62
1040,1080,1.212,1.81E-05,1,0.45,60.8
1040,1080,1.212,1.81E-05,0.71,0.45,60.8
106,2650,1.212,1.81E-05,1,0.45,1.4
107,1560,1.2156,1.81E-05,1,0.45,0.606
1089,2650,1.212,1.81E-05,1,0.45,75.16
1093,2985,1.2,1.80E-05,1,0.45,68
1095,1000,1.212,1.81E-05,1,0.45,36
1095,2200,1.212,1.81E-05,1,0.45,54
1100,870,1.212,1.81E-05,1,0.45,30.9
1100,4100,1.212,1.81E-05,1,0.45,85
1100,3500,1.212,1.81E-05,1,0.45,80
1100,800,1.212,1.81E-05,1,0.45,24
1100,6000,1.212,1.81E-05,1,0.45,108
113,2562,1.212,1.81E-05,1,0.45,1.82
113,931,1.212,1.81E-05,1,0.45,0.4
1134,2673,1.212,1.81E-05,1,0.45,63.4
114.5,3970,1.212,1.81E-05,1,0.45,1.7
114.5,3950,1.212,1.81E-05,1,0.45,1.7
114.5,1474,1.212,1.81E-05,1,0.45,0.6
115,910,1.2,1.81E-05,1,0.45,0.52
1150,2500,1.212,1.81E-05,1,0.45,63
1150,800,1.212,1.81E-05,1,0.45,24
116,2462,1.212,1.81E-05,1,0.45,1.3
116,2500,1.212,1.81E-05,1,0.45,1.8
116,2476,1,1.83E-05,1,0.45,1.8
116,2500,1.212,1.81E-05,1,0.45,1.7
116,2476,1.2,1.83E-05,1,0.45,1.8
116,2462,1.212,1.81E-05,1,0.45,1.109
116,2476,1.212,1.81E-05,1,0.45,1.8
116,1350,1.212,1.81E-05,1,0.45,0.69
116,1800,0.442236613,3.70E-05,1,0.45,0.8
117,2650,1.212,1.81E-05,1,0.45,1.52
1170,4170,1.212,1.81E-05,1,0.45,158
1190,386.5,1.212,1.81E-05,1,0.45,19.3
1190,386,1.212,1.81E-05,1,0.45,19.3
120,4500,1.212,1.81E-05,0.729,0.579,5.898
120,2500,1.212,1.81E-05,1,0.45,1.43
120,2500,1.212,1.81E-05,1,0.45,1.4
120,2650,1.212,1.81E-05,1,0.45,2
120,2650,7.2,1.81E-05,1,0.45,1
1200,900,1.212,1.81E-05,1,0.45,30
1200,2793,1.212,1.81E-05,1,0.45,67
1200,1000,1.205,1.80E-05,1,0.45,30
1200,1000,1.2,1.80E-05,1,0.45,30
1200,1545,1.212,1.81E-05,0.65,0.4625,34
1200,1000,1.212,1.81E-05,1,0.45,30
1200,390,1.212,1.81E-05,1,0.45,18
1200,1042,1.212,1.81E-05,1,0.45,51
1200,2500,1.212,1.81E-05,1,0.45,66
1203,138,1.212,1.81E-05,1,0.45,7.4
121,900,1.212,1.81E-05,1,0.45,0.8
1210,532,1.212,1.81E-05,1,0.45,25.2
122,8822,1.212,1.81E-05,1,0.4,4.4
125,2600,1.225,1.79E-05,1,0.4,2.2
125,2019,1.212,1.81E-05,1,0.45,1.7
125,1618,1.212,1.81E-05,1,0.45,1.3
125,2600,1.212,1.81E-05,1,0.45,1.7
125,2600,1.212,1.81E-05,1,0.45,1.7
125,2600,1.212,1.81E-05,1,0.45,2.12
125,9000,1.2,1.80E-05,1,0.45,4.4
125.7,7829,1.212,1.81E-05,1,0.45,6.1
127,2623,1.212,1.81E-05,1,0.45,1.23
128,4750,1.212,1.81E-05,1,0.455,1.29
128,2650,1.212,1.81E-05,1,0.45,1.2
128,4750,1.212,1.81E-05,1,0.396,1.29
1290,1420,1.212,1.81E-05,1,0.45,53.52
130,2640,1.212,1.81E-05,1,0.45,1.35
130,2450,1.212,1.81E-05,1,0.45,1.7
130,2640,1.212,1.81E-05,1,0.45,2.5
1300,2600,1.212,1.81E-05,1,0.45,62
132,2295,1.212,1.81E-05,1,0.45,1.12
1340,1130,1.212,1.81E-05,1,0.45,45
135,2800,1.212,1.81E-05,1,0.45,2.2
136,2480,1.212,1.81E-05,1,0.45,1.8
137.5,3970,1.212,1.81E-05,1,0.45,2.4
1375,2435,1.212,1.81E-05,1,0.45,90
138,2462,1.212,1.81E-05,1,0.45,1.571
139,2562,1.212,1.81E-05,1,0.45,2.91
140,1450,1.212,1.81E-05,1,0.45,1
140,2600,1.212,1.81E-05,1,0.45,3
140,1470,1.212,1.81E-05,1,0.45,1.02
140,1400,1.212,1.81E-05,1,0.45,0.98
1449,1375,1.212,1.81E-05,0.42,0.45,24.6
145,2600,1.212,1.81E-05,1,0.45,1.9
145,1350,1.212,1.81E-05,1,0.45,1.03
146.66,2398.89,1.212,1.81E-05,0.795,0.45,5.7
1469,1242,1.212,1.81E-05,0.43,0.45,21.2
147,2398.89,1.212,1.81E-05,0.795,0.518,2.8
147,2650,1.18372,1.85E-05,0.86,0.46,1.8
147,2500,1.212,1.81E-05,1,0.4,2.2
1475,1585,1.212,1.81E-05,1,0.45,48.4
148,7831,1.212,1.81E-05,0.55,0.45,5.9
149,2450,1.212,1.81E-05,1,0.45,1.6
15,3095,1.212,1.81E-05,1,0.45,0.032
15,2140,1.212,1.81E-05,1,0.45,0.02
150,2600,1.212,1.81E-05,1,0.45,2.367
150,1000,1.13,1.80E-05,1,0.45,0.85
150,2600,1.212,1.81E-05,1,0.45,2
150,2650,1.212,1.81E-05,1,0.45,1.9
150,2640,1.212,1.81E-05,1,0.45,4.2
150,2000,1.2,1.79E-05,1,0.6,1.2
150,1000,1.212,1.81E-05,1,0.45,1.2
150,2640,1.212,1.81E-05,1,0.45,3.958
150,7485,1.212,1.81E-05,1,0.45,8
150,2325,1.212,1.78E-05,1,0.45,2
150,2620,1.212,1.81E-05,1,0.45,3.03
150,2450,1.212,1.81E-05,1,0.45,1.7
150,7250,1.21,1.79E-05,1,0.45,7.07
150,2700,1.212,1.81E-05,1,0.45,2.87
150,2600,1.035323615,2.05E-05,1,0.45,2
150,3170,1.212,1.81E-05,1,0.45,2.43
150,2500,1.212,1.81E-05,1,0.45,1.9
150,1178.6,1.212,1.81E-05,1,0.45,2
150,2640,1.212,1.81E-05,1,0.45,2.9
150,2330,1.212,1.81E-05,0.75,0.45,1.876
1500,2526,1.212,1.81E-05,1,0.45,78
1500,1180,1.212,1.81E-05,1,0.45,50
1500,1180,1.2,1.80E-05,1,0.42,50
1500,2523,1.212,1.81E-05,1,0.45,78
1500,2400,1.212,1.81E-05,1,0.45,85
1500,2526,1.212,1.81E-05,1,0.45,93
1500,2526,1.212,1.81E-05,1,0.45,87
1500,1040,1.212,1.81E-05,1,0.45,52.7
1500,2523,1.15,1.80E-05,1,0.45,78
1500,1391,1.212,1.81E-05,1,0.45,70
151,2150,0.316220837,4.55E-05,1,0.45,0.8
151,1382,1.212,1.81E-05,1,0.45,1.27
152,3200,1.212,1.81E-05,1,0.45,1.7
1520,1150,1.212,1.81E-05,1,0.45,47
153,3860,1.212,1.81E-05,1,0.45,2.6
154,2480,1.212,1.81E-05,1,0.45,2.32
1540,1380,1.212,1.81E-05,1,0.45,66.1
1540,1380,1.212,1.81E-05,1,0.45,60
1540,2450,1.212,1.81E-05,1,0.403,82
1545,610,1.212,1.81E-05,1,0.51,44.5
155,2846,1.212,1.81E-05,1,0.45,2.21
156,3200,1.212,1.81E-05,1,0.45,2.3
1560,635,1.212,1.81E-05,0.18,0.45,64.2
157,3120,1.212,1.81E-05,1,0.45,2.25
1570,740,1.212,1.81E-05,1,0.26,70
158,911,0.431489672,3.75E-05,1,0.41,1.2
158,8770,7.2,1.81E-05,1,0.45,8
160,950,1.212,1.81E-05,1,0.45,0.89
160,2600,1.212,1.81E-05,1,0.45,1.6
160,2600,1.212,1.81E-05,1,0.63,2
1600,1330,1.212,1.81E-05,1,0.45,58
1600,500,1.212,1.81E-05,0.25,0.79,60
1600,2520,1.212,1.81E-05,1,0.45,90
1600,360,1.212,1.81E-05,1,0.45,27
1600,650,1.212,1.81E-05,0.19,0.45,64
161,3200,0.316,4.70E-05,1,0.45,0.7
161,3200,0.288,4.10E-05,1,0.45,0.8
162,4200,1.212,1.81E-05,1,0.45,5
162,3130,1.19166443,1.84E-05,0.79,0.45,1.16
162,3130,0.395892977,3.96E-05,0.79,0.45,0.8
162,3246,1.172,1.86E-05,1,0.45,1.17
162,3130,0.347131965,4.30E-05,0.79,0.45,0.63
162,3130,0.330956198,4.42E-05,0.79,0.45,0.4
162,3130,0.302741688,4.67E-05,0.79,0.45,0.25
163,2520,1.212,1.81E-05,1,0.45,2.5
163,3200,1.212,1.81E-05,1,0.45,3.9
163,7300,7.2,1.81E-05,1,0.45,12
163,8900,1.212,1.81E-05,1,0.45,0.79
164,7790,1.212,1.81E-05,1,0.45,7
1640,1335,1.212,1.81E-05,1,0.45,58
165,2520,1.212,1.81E-05,1,0.45,2.5
1650,1164,1.212,1.81E-05,1,0.45,43
1650,1254,1.212,1.81E-05,1,0.45,50
170,2650,1.212,1.81E-05,1,0.45,3.1
170,3400,1.212,1.81E-05,1,0.45,3.95
170,7600,1.212,1.81E-05,1,0.45,6.9
171,3600,0.290364677,4.78E-05,0.7,0.45,2
171,2635,1.23,1.80E-05,1,0.41,3.4
171,2480,1.212,1.81E-05,1,0.45,2.3
171,3700,1.212,1.81E-05,1,0.45,2.5
172,2480,1.212,1.81E-05,1,0.45,2.8
172,1500,1.212,1.81E-05,1,0.45,2.2
174.3,7829,1.212,1.81E-05,1,0.45,7.8
175,2440,1.212,1.81E-05,1,0.38,2.9
175,3498,1.212,1.81E-05,1,0.45,3.5
175,1450,1.212,1.81E-05,1,0.45,2.56
175,690,1.212,1.81E-05,1,0.45,1.5
175,2650,1.212,1.81E-05,1,0.45,3.1
175,2650,1.212,1.81E-05,1,0.45,2.7
176,2500,1.212,1.81E-05,1,0.45,3.4
1769,2550,1.212,1.81E-05,1,0.45,94
179,2483,1.212,1.81E-05,1,0.45,3.4
180,2500,1.212,1.81E-05,1,0.45,2.7
180,5200,1.212,1.81E-05,1,0.45,8
180,7100,1.212,1.81E-05,1,0.45,9
180,2500,1.212,1.81E-05,1,0.45,3.2
180,1420,1.212,1.81E-05,1,0.45,1.3
1800,970,1.212,1.81E-05,1,0.45,50
1800,1040,1.212,1.81E-05,1,0.45,62
1800,3230,1.212,1.81E-05,0.96,0.45,54
1800,1040,1.212,1.81E-05,1,0.45,56
1800,3980,1.212,1.81E-05,1,0.45,56
1800,985,1.212,1.81E-05,0.96,0.45,53
181,4703,1.212,1.81E-05,0.92,0.45,6
181,2012,1.212,1.81E-05,1,0.45,8
181,3850,1.212,1.81E-05,1,0.45,5
181,4700,1.212,1.81E-05,0.92,0.45,6
1810,1650,1.212,1.81E-05,1,0.455,75
182,2600,1.212,1.81E-05,1,0.45,2.1
183,2640,1.212,1.81E-05,1,0.45,5.6
185,2483,1.212,1.81E-05,1,0.45,3.17
185,2846,1.212,1.81E-05,1,0.45,3.14
185,2500,1.212,1.81E-05,1,0.45,3.9
1850,900,1.212,1.81E-05,1,0.45,55
186,3720,1.212,1.81E-05,1,0.45,4.95
186,4200,1.212,1.81E-05,1,0.45,6.2
186,3720,0.316220837,4.55E-05,1,0.45,2.73
186,3720,0.619748691,2.96E-05,1,0.45,2.82
186,3720,1.212,1.81E-05,1,0.45,4.93
186,2450,1.212,1.81E-05,1,0.45,1.9
1870,1025,1.212,1.81E-05,1,0.45,47
188,2500,1.212,1.81E-05,1,0.45,3.8
1900,1140,1.212,1.81E-05,1,0.45,82
191,2630,1.212,1.81E-05,1,0.45,2.97
193.5,2591,1.212,1.81E-05,1,0.45,1.8
194,2450,1.212,1.81E-05,1,0.45,3.6
194,2635,1.212,1.81E-05,1,0.45,3.82
194,4100,1.212,1.81E-05,1,0.45,7
1940,2507,1.212,1.81E-05,1,0.45,98.5
1940,750,0.32,4.00E-05,1,0.45,37
195,2581,1.212,1.81E-05,1,0.45,3.65
198,1590,1.212,1.81E-05,1,0.45,3
20,2800,1.212,1.81E-05,1,0.45,0.14
200,2500,1.212,1.81E-05,1,0.45,5.5
200,2931,1.212,1.81E-05,1,0.45,5
200,2600,1.212,1.81E-05,1,0.45,3.68
200,3930,1.212,1.81E-05,1,0.45,6.1
200,2600,1.212,1.81E-05,1,0.6,4
200,2500,1.212,1.81E-05,1,0.45,3.3
200,2500,1.212,1.81E-05,1,0.45,4.8
200,2467,1.212,1.81E-05,1,0.45,4
200,8090,1.212,1.81E-05,1,0.45,11.9
200,2530,1.212,1.81E-05,0.86,0.45,3.13
200,2514,1.212,1.81E-05,1,0.45,3.9
2000,2526,1.212,1.81E-05,1,0.45,111
2000,1720,1.212,1.81E-05,1,0.45,87
2000,1800,1.212,1.81E-05,1,0.45,78
2000,1500,1.212,1.81E-05,1,0.45,75
2000,3340,1.212,1.81E-05,1,0.45,131
2000,2500,0.310687664,4.59E-05,1,0.45,147
2000,1140,1.25,1.80E-05,1,0.45,82
202,2640,1.212,1.81E-05,1,0.45,5
202,2650,1.212,1.81E-05,1,0.45,4
2030,1560,1.212,1.81E-05,1,0.43,106
204,7520,1.212,1.81E-05,1,0.45,12.7
205,2550,1.212,1.81E-05,1,0.384,4.9
205,2600,0.316220837,4.55E-05,1,0.45,1.3
206,2600,1.6,2.23E-05,1,0.45,3.2
2068,165,1.212,1.81E-05,1,0.45,21
2080,1240,1.189,1.81E-05,1,0.346,66
209,2620,1.212,1.81E-05,1,0.45,6.9
2093,2391,1.212,1.81E-05,1,0.45,140
21,4000,1.212,1.81E-05,1,0.45,4
210,2450,1.212,1.81E-05,1,0.45,3.7
210,3810,1.212,1.81E-05,1,0.45,5
210,4600,1.212,1.81E-05,0.733,0.486,8.846
210,2450,1.212,1.81E-05,1,0.45,4
210,770,1.212,1.81E-05,1,0.45,2.54
210,2540,1.212,1.81E-05,1,0.44,6.2
210,2650,1.212,1.81E-05,1,0.45,5
211,2650,1.18372,1.85E-05,0.86,0.44,3.7
213,2500,1.212,1.81E-05,1,0.45,5.5
215,2100,1.212,1.81E-05,1,0.45,4
215,1100,1.212,1.81E-05,1,0.45,1.98
217,2553.3,1.212,1.81E-05,1,0.45,25
2170,1300,1.212,1.81E-05,1,0.45,76.85
2180,1180,1.212,1.81E-05,1,0.45,62
220,2650,1.212,1.81E-05,1,0.45,5
221,3900,1.212,1.81E-05,0.625,0.48,5
222,2600,1.212,1.81E-05,0.92,0.45,4
224,2650,1.212,1.81E-05,1,0.45,4.9
224,2530,1.212,1.81E-05,1,0.45,5.8
224,2550,1.212,1.81E-05,1,0.45,7.2
225,2650,1.212,1.81E-05,1,0.45,4
225,2650,1.212,1.81E-05,1,0.45,7
225,4600,1.212,1.81E-05,1,0.45,7.5
228,2480,1.212,1.81E-05,1,0.45,5.2
229,8750,1.212,1.81E-05,1,0.45,16.3
229,2302,1.212,1.81E-05,1,0.45,2
229,1770,1.212,1.81E-05,1,0.45,2.5
230,8100,1.212,1.81E-05,1,0.45,17
230,7860,1.212,1.81E-05,1,0.45,13.5
230,2576,1.212,1.81E-05,1,0.45,5.8
230,3780,1.212,1.81E-05,1,0.45,8.4
2300,2600,1.212,1.81E-05,1,0.45,148
231,2500,1.212,1.81E-05,1,0.45,5.24
231,2635,1.212,1.81E-05,1,0.45,4.26
231,2847.81,1.212,1.81E-05,0.98,0.459,4.85
231,2500,1.212,1.81E-05,1,0.45,4.1
231,2500,1.212,1.81E-05,1,0.45,5.2
231,2476,1.212,1.81E-05,1,0.45,5.6
231,2500,1.212,1.81E-05,1,0.45,3.9
231,2712.161,1.212,1.81E-05,0.86,0.3824,1.44
231,4000,1.212,1.81E-05,1,0.45,9.5
231,939,1.212,1.81E-05,1,0.45,1.611
232,2730,1.212,1.81E-05,0.62,0.45,4.3
232,4650,1.212,1.81E-05,1,0.45,9.1
232,1510,1.212,1.81E-05,1,0.45,2.2
232,4600,1.212,1.81E-05,1,0.45,8.7
232,4600,1.212,1.81E-05,1,0.45,9.5
234,939,1.212,1.81E-05,1,0.45,1.98
236,2722,1.212,1.81E-05,1,0.45,5
236,1507,1.212,1.81E-05,1,0.45,2.8
237,1450,1.212,1.81E-05,0.6,0.57,17.7
237,3250,1.212,1.81E-05,0.78,0.45,8.2
2380,900,1.212,1.81E-05,1,0.45,64
239,3120,1.212,1.81E-05,1,0.45,4.68
240,2582,1.212,1.81E-05,1,0.45,4.8
240,384,1.212,1.81E-05,1,0.45,2
240,2650,1.212,1.81E-05,1,0.45,7
240,2630,1.212,1.81E-05,1,0.45,7.4
2400,2240,1.212,1.81E-05,1,0.45,110
241,2630,1.212,1.81E-05,1,0.45,7.4
241,2630,1.212,1.81E-05,0.98,0.45,7.4
241,2630,1.212,1.81E-05,1,0.45,9
241,2630,1.212,1.81E-05,0.94,0.45,7.4
242,150,1.212,1.81E-05,1,0.45,0.4
242,2600,1.212,1.81E-05,1,0.45,3.8
243,7600,1.212,1.81E-05,1,0.45,17.3
2432,2550,1.212,1.81E-05,1,0.45,124.1
245,2500,1.212,1.81E-05,1,0.45,3.6
245,1300,1.212,1.81E-05,1,0.45,3.2
245,6150,1.212,1.81E-05,1,0.45,12.4
246,2750,2.975,4.70E-05,1,0.45,2.43
246,2650,0.316220837,4.55E-05,1,0.45,2.9
246,2680,0.311778753,4.58E-05,1,0.45,5.443
246,2500,1.212,1.81E-05,1,0.45,6.4
246,2700,0.301712829,4.68E-05,1,0.45,2.364
246,2500,1.2,1.79E-05,1,0.45,8.76
2490,2526,1.212,1.81E-05,1,0.407,125
2490,2526,1.212,1.81E-05,1,0.45,128
25,4060,1.212,1.81E-05,1,0.45,0.19
250,2466,1.229,1.81E-05,1,0.45,6
250,1400,1.212,1.81E-05,1,0.45,2.7
250,1020,1.212,1.81E-05,1,0.45,1.6
250,2466,1.212,1.81E-05,1,0.45,6.03
250,880,1.212,1.81E-05,1,0.45,2
250,2550,1.212,1.81E-05,1,0.45,6
250,2200,0.175,3.94E-05,0.69,0.6,9
250,750,1.212,1.81E-05,1,0.45,2.4
250,8090,1.212,1.81E-05,1,0.45,15.2
250,2500,1.212,1.81E-05,1,0.45,6.22
2500,2526,1.212,1.81E-05,1,0.45,133
2500,2526,1.212,1.81E-05,1,0.45,128
2500,130,1.212,1.81E-05,1,0.45,44
2500,1600,1.212,1.81E-05,1,0.45,118
2500,2523,1.212,1.81E-05,1,0.45,125
2500,2526,1.212,1.81E-05,1,0.45,131
2500,2526,1.2,1.80E-05,1,0.45,126
2500,1450,1.212,1.81E-05,0.97,0.45,91
2500,2526,1.212,1.81E-05,1,0.45,125
2500,2523,1.15,1.80E-05,1,0.45,125
2500,2500,1.205,1.81E-05,1,0.45,125
253,2650,1.212,1.81E-05,1,0.398,3.8
253,2300,1.212,1.81E-05,1,0.45,4.7
254,2635,1.212,1.81E-05,1,0.45,4.88
254,2465,1.212,1.81E-05,1,0.45,7.45
255,2560,1.212,1.81E-05,1,0.45,9.8
256,1350,1.212,1.81E-05,1,0.45,2.86
256,2420,0.384741062,4.03E-05,1,0.45,0.714
257,2550,1.212,1.81E-05,1,0.45,5.4
258,3980,1.212,1.81E-05,1,0.45,7.58
259,4015,1.212,1.81E-05,1,0.45,10.4
26,1680,1.212,1.81E-05,1,0.45,0.14
260,3800,1.212,1.81E-05,1,0.45,10.2
260,4650,1.212,1.81E-05,0.812,0.446,11.795
2600,2600,1.212,1.81E-05,1,0.45,150
2600,2600,1.205,1.81E-05,1,0.45,150
261,6150,1.212,1.81E-05,1,0.45,14
261,2500,1.212,1.81E-05,1,0.45,8.15
261,7520,1.212,1.81E-05,1,0.45,17.7
262,3186,1.212,1.81E-05,1,0.45,9.78
263,3770,1.212,1.81E-05,1,0.45,7.2
263,3770,1.212,1.81E-05,1,0.45,7.7
263,3770,1.212,1.81E-05,1,0.45,8
264,3970,0.384741062,4.03E-05,1,0.45,1.68
264,3265,0.316220837,4.55E-05,1,0.45,5.8
264,3265,0.316220837,4.55E-05,1,0.45,3.7
264,5030,1.212,1.81E-05,1,0.67,8.8
264,2535,1.212,1.81E-05,1,0.45,6.07
2640,650,1.212,1.81E-05,1,0.45,69
265,2490,1.212,1.81E-05,1,0.45,6.2
266,3980,1.212,1.81E-05,1,0.45,8.3
266,3980,1.212,1.81E-05,1,0.45,8.9
266,3980,1.212,1.81E-05,1,0.45,9.4
268,8670,1.212,1.81E-05,1,0.45,18.7
268,3780,1.212,1.81E-05,1,0.45,10.3
2690,2100,1.212,1.81E-05,1,0.57,157.1
270,2480,1.212,1.81E-05,1,0.45,6
270,2200,1.212,1.81E-05,1,0.45,6.1
271,2480,1.212,1.81E-05,1,0.45,6.02
271,2480,1.212,1.81E-05,1,0.45,6.8
272,2750,0.300182587,4.69E-05,1,0.45,2.76
272,8750,1.212,1.81E-05,1,0.45,21.6
275,2600,1.212,1.81E-05,1,0.45,5.6
275,2462,1.212,1.81E-05,1,0.45,7.065
275,2500,1.225,1.79E-05,1,0.39,6.5
275,2500,1.225,1.49E-05,1,0.36,6.3
275,2550,1.21,1.80E-05,1,0.437,7
275,2500,1.225,1.81E-05,1,0.45,6.5
275,2500,1.225,1.79E-05,1,0.45,6.5
275,2500,1.212,1.81E-05,1,0.45,6.5
275,2500,1.225,1.49E-05,1,0.45,6.5
275,2451,1.21,1.80E-05,1,0.422,7
275,1064,1.212,1.81E-05,1,0.45,4
275,2500,1.212,1.81E-05,1,0.45,5.8
275,1250,1.212,1.81E-05,1,0.45,3.5
275,2500,1.225,1.80E-05,1,0.45,6.5
275,3980,1.212,1.81E-05,1,0.45,8.9
275,2190,1.172,1.86E-05,1,0.45,1.7
275,3980,1.212,1.81E-05,1,0.45,8.4
275,1064,1.2,1.83E-05,1,0.45,4
275,1250,1.212,1.81E-05,1,0.45,3.3
275,2600,1.2,1.80E-05,1,0.45,5.6
275,2500,1.212,1.81E-05,1,0.45,5.9
275,939,1.212,1.81E-05,1,0.45,2.278
2750,1018,1.212,1.81E-05,1,0.45,82
278,939,1.212,1.81E-05,1,0.45,2.8
280,2600,1.225,1.79E-05,1,0.45,1.45
280,2600,1.212,1.81E-05,1,0.402,8
280,2650,1.212,1.81E-05,1,0.45,6
280,2600,1.225,1.79E-05,1,0.45,6.63
280,2820,1.212,1.81E-05,1,0.45,6.88
280,2328,1.212,1.81E-05,1,0.45,4
280,2254,1.212,1.81E-05,1,0.45,6.3
280,2500,1.2,1.40E-05,1,0.45,6.5
280,2640,1.212,1.81E-05,1,0.45,5.2
280,2640,1.212,1.81E-05,1,0.45,5.9
280,2540,1.212,1.81E-05,1,0.44,9
2800,1870,1.212,1.81E-05,1,0.45,91.8
2800,1018,1.212,1.81E-05,1,0.45,82
284,2635,1.212,1.81E-05,1,0.45,5.91
285,3060,1.3,2.00E-05,1,0.45,8
289,1350,1.212,1.81E-05,1,0.45,4.1
289,1538,1.212,1.81E-05,1,0.47,3
289,660,1.212,1.81E-05,1,0.45,3.8
290,2650,1.212,1.81E-05,1,0.45,8
290,1350,1.212,1.81E-05,1,0.45,4
290,3900,1.212,1.81E-05,1,0.45,8.6
290,2700,1.212,1.81E-05,1,0.315,9
290,7790,1.212,1.81E-05,1,0.45,24
290,2500,1.212,1.81E-05,1,0.45,8.2
2900,600,1.212,1.81E-05,1,0.45,60
292,2644,1.2156,1.81E-05,1,0.45,7.96
293,2837,1.212,1.81E-05,1,0.45,13.8
293,2650,1.212,1.81E-05,1,0.45,7.9
2930,1040,1.185,1.84E-05,1,0.45,90
295,2500,1.212,1.81E-05,1,0.37,4.4
297,2450,1.212,1.81E-05,1,0.45,5.67
298,2900,0.316220837,4.55E-05,1,0.45,3
298,2900,0.316220837,4.55E-05,1,0.45,3.1
30,1440,1.212,1.81E-05,1,0.398,0.07
30,2817,1.212,1.81E-05,1,0.45,0.039
300,2650,1.212,1.81E-05,1,0.45,12
300,2640,1.212,1.81E-05,1,0.45,5.63
300,1140,1.212,1.81E-05,1,0.45,8
300,2600,1.212,1.81E-05,1,0.45,8
300,2620,1.212,1.81E-05,1,0.45,7.4
300,2600,0.316220837,4.55E-05,1,0.45,8.7
300,2500,1.212,1.81E-05,1,0.45,8.1
300,3160,1.212,1.81E-05,1,0.56,13
300,2500,1.2,1.80E-05,1,0.45,8.9
300,2640,1.212,1.81E-05,1,0.45,15.8
300,2490,1.212,1.81E-05,1,0.45,7.1
300,2600,1.212,1.81E-05,1,0.45,7
300,6000,1.212,1.81E-05,1,0.45,20.6
300,2760,0.585,5.12E-05,1,0.45,2.8
300,2580,1.212,1.81E-05,1,0.45,7.5
300,2700,1.212,1.81E-05,1,0.45,9.2
300,2600,0.302741688,4.67E-05,1,0.45,7
300,2400,1.212,1.81E-05,1,0.45,7.1
300,3950,1.212,1.81E-05,1,0.45,10
3000,1440,1.212,1.81E-05,1,0.45,100
3000,1300,1.212,1.81E-05,1,0.45,98
3000,700,1.212,1.81E-05,1,0.45,68
3000,1000,1.212,1.70E-05,1,0.45,76
3000,1478,1.212,1.81E-05,0.97,0.45,105
3000,420,1.225,2.18E-05,1,0.45,60
301,2600,1.212,1.81E-05,1,0.45,8
302,2644,1.212,1.81E-05,1,0.45,7.96
305,2722,1.212,1.81E-05,1,0.45,7
305,4200,1.212,1.81E-05,1,0.45,13.3
306,2500,1.212,1.81E-05,1,0.45,5
307,2300,1.212,1.81E-05,1,0.45,8.41
307,2720,1.212,1.81E-05,1,0.45,8.2
308,7480,1.212,1.81E-05,1,0.75,11.2
309,2640,1.225,1.49E-05,1,0.36,9.2
309.6,2640,1.225,1.79E-05,1,0.45,9.28
3090,2489,1.212,1.81E-05,1,0.45,113
310,3670,1.212,1.81E-05,1,0.52,18
310,2500,1.21,1.81E-05,1,0.45,15
310,2500,1.225,1.79E-05,1,0.45,15
3100,800,1.212,1.81E-05,1,0.45,76
3100,340,1.212,1.81E-05,1,0.45,39
3113,2615,1.212,1.81E-05,0.943,0.45,135.57
312,2644,1.195676768,1.83E-05,1,0.45,7.96
315,1461,1.212,1.81E-05,1,0.45,9.7
316,2667,1.212,1.81E-05,1,0.45,9
316,2600,1.212,1.81E-05,1,0.45,6.7
317,2749,1.212,1.81E-05,1,0.45,8.4
318,797,1.212,1.81E-05,1,0.45,6
319,2480,1.212,1.81E-05,1,0.45,8.2
320,1040,1.212,1.81E-05,1,0.45,3.5
320,2120,1.212,1.81E-05,1,0.45,14.7
3200,900,1.212,1.81E-05,1,0.45,83
3200,940,1.212,1.81E-05,1,0.45,78
3200,1640,1.212,1.81E-05,1,0.45,107
3200,1640,1.212,1.81E-05,1,0.45,105.3
321,2635,1.212,1.81E-05,1,0.45,7.55
324,2740,1.212,1.81E-05,1,0.537,15
324,2740,1.212,1.81E-05,1,0.52,15
324,2740,1.212,1.81E-05,1,0.547,15
324,2740,1.212,1.81E-05,1,0.515,15
325,2550,1.212,1.81E-05,1,0.392,16.9
325,2650,1.212,1.81E-05,1,0.45,12
325,980,1.212,1.81E-05,1,0.45,6
325,2550,1.212,1.81E-05,1,0.45,10
3256,1131,1.212,1.81E-05,0.94,0.45,105
3256,1131,1.21,1.80E-05,1,0.45,109
3256,1131,1.212,1.81E-05,1,0.45,109.5
3256,1131,1.212,1.81E-05,1,0.45,105
327,2500,1.212,1.81E-05,1,0.45,8
327,2480,1.212,1.81E-05,1,0.45,8.6
328,1250,1.212,1.81E-05,1,0.45,4
328,939,1.212,1.81E-05,1,0.45,3.9
328,1250,1.212,1.81E-05,1,0.45,4.2
328,939,1.212,1.81E-05,1,0.45,3.218
329,3900,0.406776632,3.90E-05,1,0.45,8
329,3900,1.212,1.81E-05,1,0.45,12.5
329,3900,1.212,1.81E-05,0.53,0.54,12.5
330,2650,1.212,1.81E-05,1,0.45,7
330,2630,1.212,1.81E-05,1,0.45,9
330,3500,0.55,2.30E-05,1,0.45,10.5
3300,1000,1.212,1.81E-05,1,0.45,90
332,3023,1.212,1.81E-05,1,0.45,8.4
334,2650,1.18372,1.85E-05,0.86,0.41,9.1
334,2600,1.212,1.81E-05,1,0.45,9
334,2600,1.212,1.81E-05,1,0.6,9
337,2650,1.212,1.81E-05,1,0.45,9
340,2500,1.212,1.81E-05,1,0.45,9
340,2590,1.212,1.81E-05,1,0.45,8.78
3400,1100,1.212,1.81E-05,1,0.45,97
341,3135,1.212,1.81E-05,0.36,0.6305,9.5
341,3135,1.212,1.81E-05,0.325,0.6305,9.5
342,2430,1.212,1.81E-05,0.92,0.4,9
347,2500,1.2,1.79E-05,1,0.45,14.4
347,2550,1.212,1.81E-05,1,0.45,11
348,2640,1.212,1.81E-05,1,0.4,12
348,4570,1.212,1.81E-05,1,0.45,16.2
348,2640,2.4,1.81E-05,1,0.45,11
348,2640,1.212,1.81E-05,1,0.45,11
348,2640,2.4,1.81E-05,1,0.45,12
35,3530,1.212,1.81E-05,1,0.45,0.2
350,2500,1.212,1.81E-05,1,0.45,9.8
350,2500,1.212,1.81E-05,1,0.45,8.9
350,2600,1.2,1.80E-05,1,0.45,7.9
3500,1430,1.212,1.81E-05,1,0.45,115
3500,910,1.212,1.81E-05,1,0.45,90
3500,1200,1.212,1.81E-05,1,0.45,104
3500,964,1.212,1.81E-05,1,0.45,85
352,2700,1.212,1.81E-05,1,0.45,15
352,2700,1.225,1.79E-05,1,0.45,15
354,2500,1.212,1.81E-05,1,0.45,12.5
354,1738,1.212,1.81E-05,1,0.45,12.4
354.7,1161,1.212,1.81E-05,1,0.45,3.6
355,2500,1.212,1.81E-05,1,0.45,9.2
355,2600,0.316220837,4.55E-05,1,0.45,5.3
355,2560,0.316220837,4.55E-05,1,0.45,3.9
355,2560,1.203783051,1.82E-05,1,0.45,10
356,2650,1.212,1.81E-05,1,0.45,12.3
356.8,1200,1.212,1.81E-05,1,0.45,3.7
359,190,1.212,1.81E-05,1,0.45,9.2
359,650,1.212,1.81E-05,1,0.66,9.9
360,2600,1.212,1.81E-05,1,0.6,9
360,4570,1.212,1.81E-05,0.856,0.411,16.71
360,2560,1.212,1.81E-05,1,0.45,14.4
360,2900,0.316220837,4.55E-05,1,0.45,4.4
3600,1300,1.212,1.81E-05,1,0.45,111
3600,2570,1.212,1.81E-05,1,0.45,200
361,2600,1.212,1.81E-05,1,0.45,11
361,2480,1.212,1.81E-05,1,0.45,12.3
361,2600,1.205,1.85E-05,1,0.45,10.6
361,1545,1.212,1.81E-05,1,0.45,6.5
3625,2016,1.212,1.81E-05,1,0.45,106
363,1350,1.212,1.81E-05,1,0.45,5.37
3667,913,1.212,1.81E-05,1,0.45,100
367,2200,1.212,1.81E-05,1,0.45,1.6
3675,2234,1.212,1.81E-05,1,0.45,120
368,2300,1.212,1.81E-05,1,0.45,9
368,2650,1.212,1.81E-05,1,0.4,6.8
368,2650,1.212,1.81E-05,1,0.514,6.8
368,2650,1.212,1.81E-05,1,0.45,12.4
368,2410,1.212,1.81E-05,1,0.45,14.9
3700,1400,1.212,1.81E-05,1,0.45,118
372,2100,1.212,1.81E-05,1,0.45,10.9
375,600,1.212,1.81E-05,1,0.45,3.2
375,1169,1.212,1.81E-05,1,0.45,5.4
375,796,1.212,1.81E-05,1,0.45,3.7
376,2722,1.212,1.81E-05,1,0.45,11
376,3760,1.212,1.81E-05,1,0.45,16.7
376.1,1390,1.212,1.81E-05,1,0.45,6.7
3760,1050,1.2,1.80E-05,1,0.45,102
3760,1050,1.212,1.81E-05,1,0.45,102
377.5,4600,1.212,1.81E-05,1,0.45,22.9
378,715,1.212,1.81E-05,1,0.45,10
378,3250,1.212,1.81E-05,0.82,0.45,13.7
379,2650,1.212,1.81E-05,1,0.52,9
379,2650,0.342,1.81E-05,1,0.52,5.2
38,1450,1.212,1.81E-05,1,0.45,7
380,2464,1.212,1.81E-05,1,0.45,11
380,2464,1.212,1.81E-05,1,0.407,10.7
3800,2000,1.212,1.81E-05,1,0.45,146
385,2500,1.212,1.81E-05,1,0.45,9.6
385,2520,1.212,1.81E-05,1,0.45,14.3
385,2500,1.212,1.81E-05,1,0.45,9.4
3850,385,1.184,6.97E-05,1,0.45,32.3
388,935,1.212,1.81E-05,1,0.45,8
39,3186,1.212,1.81E-05,1,0.45,0.342
390,8920,1.212,1.81E-05,1,0.45,45
390,2700,1.212,1.81E-05,1,0.45,14
390,2650,1.212,1.81E-05,1,0.45,14
393,939,1.212,1.81E-05,1,0.45,5.5
396,1300,1.212,1.81E-05,1,0.45,8
398,2650,1.212,1.81E-05,1,0.45,13
40,3210,1.204,1.85E-05,1,0.45,0.5
40,1580,1.212,1.81E-05,1,0.45,0.13
40,1280,1.212,1.81E-05,1,0.45,0.25
40,1680,1.212,1.81E-05,1,0.45,0.21
400,1600,1.212,1.81E-05,1,0.45,3
400,2500,1.212,1.81E-05,1,0.45,11
400,2530,1.212,1.81E-05,0.86,0.45,11.99
400,2500,1.212,1.81E-05,1,0.45,14
400,1840,1.212,1.81E-05,1,0.45,19.4
400,2500,1.212,1.81E-05,1,0.45,15
400,930,1.212,1.81E-05,1,0.45,6
400,2300,1.212,1.81E-05,1,0.45,1.76
400,961,1.212,1.81E-05,1,0.45,9
400,2600,1.2,1.80E-05,1,0.45,10.7
4000,920,1.3,1.80E-05,1,0.42,99
4000,366,1.18415,7.40E-05,1,0.45,34.3
4000,2700,1.205,1.80E-05,1,0.45,177
4040,2526,1.212,1.81E-05,1,0.45,177
405,2650,1.212,1.81E-05,1,0.45,16.4
4070,1315,1.212,1.81E-05,1,0.45,110
41,6690,1.2,1.80E-05,1,0.42,0.5
410,2650,0.316220837,4.55E-05,1,0.45,5.8
410,1100,1.212,1.81E-05,1,0.45,2.8
411,2680,2.83,4.60E-05,1,0.45,5.443
416,2650,1.18372,1.85E-05,0.86,0.4,13.8
416,61.1,1.212,1.81E-05,1,0.45,1.7
420,3700,1.212,1.81E-05,1,0.45,26
420,1780,1.212,1.81E-05,1,0.45,21.2
420,1460,1.212,1.81E-05,1,0.45,15.7
420,3700,0.593839465,3.05E-05,1,0.45,26
420,2640,1.212,1.81E-05,1,0.45,18.2
420,2650,1.225,1.80E-05,1,0.45,20
421,2600,1.212,1.81E-05,1,0.45,25.2
425,2500,1.212,1.81E-05,1,0.45,19.4
426,2740,1.212,1.81E-05,1,0.535,37
426,2740,1.212,1.81E-05,1,0.512,34
426,2740,1.212,1.81E-05,1,0.516,37
426,2740,1.212,1.81E-05,1,0.52,28
427.5,1600,1.212,1.81E-05,1,0.45,9.5
427.5,2712.968,1.212,1.81E-05,0.86,0.473,15.6
427.5,2722.488,1.212,1.81E-05,0.98,0.482,11
429,2550,1.212,1.81E-05,1,0.45,17
43.4,1369,1.212,1.81E-05,1,0.45,0.236
432,1520,1.212,1.81E-05,1,0.45,6.1
444,2650,0.328203327,4.45E-05,1,0.45,5.719
448,888,1.212,1.81E-05,1,0.45,8
450,2500,1.212,1.81E-05,1,0.45,19.6
450,965,4.548,1.81E-05,0.75,0.601,10
450,2480,1.212,1.81E-05,1,0.45,27.5
450,2650,0.564365971,3.14E-05,1,0.45,17.5
450,1551,1.212,1.81E-05,1,0.45,13
450,2600,1.212,1.81E-05,1,0.45,15.3
452,2490,1.212,1.81E-05,1,0.45,16.8
457,4540,1.212,1.81E-05,1,0.45,34.5
46,2390,1.212,1.81E-05,1,0.45,0.24
46.5,2500,1.212,1.81E-05,1,0.45,0.24
460,2600,1.19166443,1.84E-05,1,0.45,26
460,2660,1.225,1.80E-05,1,0.45,16.5
460,2600,1.212,1.81E-05,1,0.45,18
460,2490,1.187236,1.85E-05,1,0.45,19.5
460,2660,1.212,1.81E-05,1,0.45,19
460,2480,1.212,1.81E-05,1,0.45,17.1
460,1670,1.212,1.81E-05,1,0.45,23
460,1300,1.212,1.81E-05,1,0.45,13.5
460,2330,1.212,1.81E-05,1,0.45,16
460.25,2330,1.212,1.81E-05,1,0.44,16
462,2500,1.212,1.81E-05,1,0.45,13.5
462,2500,1.212,1.81E-05,1,0.45,14.1
463,2420,0.384741062,4.03E-05,1,0.45,2.17
463,2630,1.212,1.81E-05,1,0.45,16
463,2500,1.212,1.81E-05,1,0.45,15
464,1554,1.212,1.81E-05,1,0.45,25.06
464,2650,1.212,1.81E-05,1,0.45,26.94
464,2833,1.212,1.81E-05,1,0.45,41.09
469,2680,1.212,1.81E-05,1,0.45,18.5
470,2700,1.212,1.81E-05,1,0.45,14
470,2560,1.212,1.81E-05,1,0.45,19.2
470,2469,1.212,1.81E-05,1,0.45,20
472,1414,1.212,1.81E-05,1,0.45,8.1
475,2600,1.212,1.81E-05,1,0.45,13.8
475,2500,1.212,1.81E-05,1,0.45,28
475,2510,1.212,1.81E-05,1,0.45,19.8
476,2500,0.338851145,4.36E-05,1,0.45,26
479,1476,1.212,1.81E-05,1,0.45,13.5
48,2990,1.212,1.81E-05,1,0.45,0.31
480,2640,1.212,1.81E-05,1,0.45,18
483,2650,1.212,1.81E-05,1,0.45,16.5
485,2500,1.2,1.80E-05,1,0.45,18
485,2500,1.225,1.79E-05,1,0.45,18
485,2500,1.212,1.81E-05,1,0.45,19
485,2650,1.212,1.81E-05,1,0.45,20.2
485,2500,1.212,1.80E-05,1,0.45,18
485,2500,1.212,1.81E-05,1,0.45,18
486,2100,1.212,1.81E-05,1,0.45,18.7
487,918,4.548,1.81E-05,0.73,0.628,11
490,2640,1.212,1.81E-05,1,0.45,18.2
490,2640,1.212,1.81E-05,1,0.45,15
491,2620,1.212,1.81E-05,1,0.45,20
499,2480,1.212,1.81E-05,1,0.45,22.22
50,1440,1.212,1.81E-05,1,0.393,0.2
50,440,1.212,1.81E-05,1,0.45,0.05
500,900,1.212,1.81E-05,1,0.45,11
500,2400,0.29,3.60E-05,1,0.45,11
500,2500,1.225,1.79E-05,1,0.45,19
500,2540,1.212,1.81E-05,1,0.45,22
500,400,1.212,1.81E-05,1,0.45,4.9
500,2540,1.212,1.81E-05,1,0.45,22.5
500,7100,1.212,1.81E-05,1,0.45,64
500,2500,1.225,1.81E-05,1,0.45,18
500,2500,1.225,1.88E-05,1,0.45,19
500,500,1.212,1.81E-05,1,0.398,12
500,2500,1.18,1.80E-05,0.58,0.45,19
500,2500,1.18,1.80E-05,0.58,0.45,18
500,2580,1.212,1.81E-05,1,0.45,19.4
500,950,1.212,1.81E-05,1,0.45,12
500,2540,1.212,1.81E-05,1,0.45,22
500,2660,1.212,1.81E-05,1,0.402,25
500,2525,1.212,1.81E-05,1,0.45,22
500,2700,1.225,1.79E-05,1,0.45,27
500,2700,1.212,1.81E-05,1,0.45,31.8
500,2540,1.212,1.81E-05,1,0.44,22
500,2660,1.212,1.80E-05,1,0.45,25
500,2500,1.212,1.81E-05,1,0.45,18
500,2540,1.212,1.81E-05,1,0.45,23
500,2610,1.2,1.40E-05,1,0.45,28.2
500,2650,1.212,1.81E-05,0.6,0.46,36
500,2490,1.212,1.81E-05,1,0.45,20
500,2600,1.225,1.79E-05,1,0.4,23
500,9000,1.212,1.81E-05,1,0.45,64
500,2500,1.212,1.81E-05,1,0.45,22
500,2500,1.212,1.81E-05,1,0.45,17.1
500,2540,1.22,1.79E-05,1,0.45,24
500,3890,1.212,1.81E-05,1,0.45,10
500,900,1.212,1.81E-05,1,0.45,13
500,2500,1.212,1.81E-05,1,0.45,25
500,2000,1.2,1.80E-05,1,0.58,15
500,2660,1.2,1.85E-05,1,0.45,25
500,2660,1.212,1.81E-05,1,0.45,25
500,2500,1.212,1.81E-05,1,0.45,21
500,2000,1.2,1.80E-05,1,0.45,30
500,2660,1.212,1.80E-05,1,0.45,23.4
500,6000,1.212,1.81E-05,1,0.45,25.4
500,1060,1.212,1.81E-05,1,0.45,13
500,2560,1.212,1.81E-05,1,0.45,22
500,2450,1.212,1.81E-05,1,0.45,22.9
500,2660,1.2,1.81E-05,1,0.45,25
500,1600,1.212,1.81E-05,1,0.45,12
500,2500,1.212,2.00E-05,1,0.45,18
5000,1052,1.212,1.81E-05,1,0.45,270
5000,960,1.212,1.81E-05,1,0.45,120
503,2818,1.212,1.81E-05,0.66,0.45,27
510,2900,0.301712829,4.68E-05,1,0.45,14
510,2900,0.31537833,4.55E-05,1,0.45,14
510,2184,1.212,1.81E-05,1,0.45,38.6
512,2645,0.316220837,4.55E-05,1,0.45,8.9
512,1551,0.316220837,4.55E-05,1,0.45,5.7
512,2560,0.384741062,4.03E-05,1,0.45,10
512,2560,1.18372,1.85E-05,1,0.45,19
515,2530,1.212,1.81E-05,1,0.45,25
515,2530,0.316220837,4.55E-05,1,0.45,25
515,3810,1.212,1.81E-05,1,0.45,32
52,1470,1.212,1.81E-05,1,0.4,1.8
52,4580,1.212,1.81E-05,1,0.45,1.2
52.2,1500,1.212,1.81E-05,1,0.45,1.7
520,2500,1.212,1.80E-05,1,0.45,30
520,1468,1.212,1.81E-05,1,0.45,22.1
5290,1450,1.212,1.81E-05,1,0.45,138
53,2450,1.212,1.81E-05,1,0.45,0.51
53,2523,1.212,1.81E-05,1,0.45,0.4329
53,1730,1.212,1.81E-05,1,0.45,0.113
53,2990,1.212,1.81E-05,1,0.45,0.47
530,1530,1.212,1.81E-05,1,0.45,33.2
5300,1442,1.212,1.81E-05,1,0.45,158
535,2480,1.212,1.81E-05,1,0.45,21.8
54,930,1.1795,1.89E-05,1,0.45,0.25
54,1439,1.212,1.81E-05,1,0.4,0.16
54,870,1.212,1.81E-05,1,0.45,0.24
54,1530,1.212,1.81E-05,1,0.45,0.2
54,1439,2.4,1.81E-05,1,0.45,0.16
54,1350,1.212,1.81E-05,1,0.45,0.17
54.5,963,1.212,1.81E-05,1,0.45,0.17
540,1550.5,1.212,1.81E-05,1,0.45,13
541,1550.5,1.212,1.81E-05,1,0.5,13
543,658.5,1.212,1.81E-05,0.73,0.45,12.29
545,2600,1.212,1.81E-05,1,0.45,10
545,2540,1.212,1.81E-05,1,0.45,20.5
55,2511,1.212,1.81E-05,1,0.45,0.5
55,2540,1.212,1.81E-05,1,0.45,0.4
550,2500,1.212,1.81E-05,1,0.45,24
550,2600,1.212,1.81E-05,1,0.43,21.7
550,2650,1.212,1.81E-05,1,0.45,14
550,1300,1.212,1.81E-05,1,0.56,16.3
550,1000,1.212,1.81E-05,1,0.6,16.8
550,1300,1.212,1.81E-05,1,0.45,18.4
550,2500,1.212,1.81E-05,1,0.45,22
550,2907,1.212,1.81E-05,1,0.45,10.8
550,2712.342,1.212,1.81E-05,0.86,0.371,21.79
550,2712.342,1.212,1.81E-05,0.86,0.492,21.79
550,2600,1.212,1.81E-05,1,0.45,21.3
550,2712.342,1.212,1.81E-05,0.86,0.371,13.45
550,2510,1.212,1.81E-05,1,0.45,14.6
550,2600,1.212,1.81E-05,1,0.45,21.7
550,2600,1.2,1.81E-05,1,0.45,22
550,2500,1.212,1.81E-05,1,0.45,28.7
550,2500,1.212,1.81E-05,1,0.45,24
550,2650,7.2,1.81E-05,1,0.45,9
550,2500,1.22,1.79E-05,1,0.45,24
550,4000,1.212,1.81E-05,1,0.45,40.1
550,2701.634,1.212,1.81E-05,0.98,0.494,16.4
550,1600,1.212,1.81E-05,1,0.45,14
550,2500,1.212,1.81E-05,1,0.45,19.2
550,2701.634,1.212,1.81E-05,0.98,0.373,9.33
550,2500,1.212,1.81E-05,1,0.45,21
550,1079,1.212,1.81E-05,1,0.45,20
550,2500,1.212,1.81E-05,1,0.45,16.9
550,1300,1.212,1.81E-05,1,0.55,18.4
550,1000,1.212,1.81E-05,1,0.61,17.1
550,2600,1.212,1.81E-05,1,0.42,20.2
550,2500,1.212,1.81E-05,1,0.45,27
550,1000,1.212,1.81E-05,1,0.45,17.1
56,2390,1.212,1.81E-05,1,0.45,0.28
560,2520,1.212,1.85E-05,1,0.45,42
560,2520,1.212,1.81E-05,1,0.45,40
5600,2254,1.212,1.81E-05,1,0.402,280
563,1460,1.212,1.81E-05,1,0.45,12.8
564,2421,1.212,1.81E-05,1,0.45,28
566,2648.1,1.212,1.81E-05,1,0.4,27
570,2632.3,1.212,1.81E-05,1,0.45,27
58,1350,1.212,1.81E-05,1,0.45,0.2
58.9,2425,1.212,1.81E-05,1,0.45,0.79
582,1762,1.212,1.81E-05,1,0.45,26
587,2650,1.212,1.81E-05,1,0.45,21.3
588,2480,1.212,1.81E-05,1,0.45,25.3
59,1550,1.212,1.81E-05,1,0.45,0.354
59,6690,1.2,1.80E-05,1,0.46,0.65
59,3120,1.212,1.81E-05,1,0.45,0.36
59.1,1484,1.212,1.81E-05,1,0.45,0.35
590,3160,1.212,1.81E-05,1,0.57,40
590,3670,1.212,1.81E-05,1,0.53,50
594,921,1.212,1.81E-05,1,0.45,16
595,2550,1.212,1.81E-05,1,0.395,35.2
595,1400,1.212,1.81E-05,1,0.45,25
597,1216,1.212,1.81E-05,1,0.45,13
60,8900,1.212,1.81E-05,1,0.45,3
60,10600,1.212,1.81E-05,1,0.45,3
60,1500,1.212,1.81E-05,1,0.45,0.47
60,8800,1.212,1.81E-05,1,0.45,2
60,1200,1.212,1.81E-05,1,0.45,0.2
60,2309,1.212,1.81E-05,1,0.45,0.8
60,2500,1.212,1.81E-05,1,0.45,0.26
60,1200,1.212,1.81E-05,1,0.45,0.23
60,2500,1.212,1.81E-05,1,0.45,0.33
60,1500,1.225,1.79E-05,1,0.45,0.47
60,1000,1.225,1.80E-05,1,0.45,0.119
60,2209,1.212,1.81E-05,1,0.45,0.8
60,1480,1.212,1.81E-05,1,0.45,0.22
600,2600,1.2,1.80E-05,1,0.45,22.5
600,4800,1.212,1.81E-05,1,0.501,59
600,4050,1.212,1.81E-05,1,0.498,51
600,1500,1.212,1.81E-05,1,0.526,21
600,1500,1.212,1.81E-05,1,0.516,17
600,1362,1.212,1.81E-05,0.85,0.45,32
600,4050,1.212,1.81E-05,1,0.476,47
600,2650,0.347131965,4.30E-05,1,0.45,15
600,2740,1.212,1.81E-05,1,0.52,44
600,4800,1.212,1.81E-05,1,0.531,54
600,1847,1.212,1.81E-05,1,0.45,37
600,2204,1.212,1.81E-05,1,0.45,46.3
600,2740,1.212,1.81E-05,1,0.526,49
600,4800,1.212,1.81E-05,1,0.568,60
600,4050,1.212,1.81E-05,1,0.522,51
600,1500,1.212,1.81E-05,1,0.543,31
600,2740,1.212,1.81E-05,1,0.488,43
600,4800,1.212,1.81E-05,1,0.527,56
600,2740,1.212,1.81E-05,1,0.496,39
600,4050,1.212,1.81E-05,1,0.546,49
600,1500,1.212,1.81E-05,1,0.563,23
6000,1800,1.212,1.81E-05,1,0.45,180
605,950,1.212,1.81E-05,1,0.45,10
605,3760,1.212,1.81E-05,1,0.45,43.3
609,918,1.212,1.81E-05,1,0.45,12
61,1680,1.212,1.81E-05,1,0.45,0.32
610,2700,1.212,1.81E-05,1,0.45,27
610,2500,1.212,1.81E-05,1,0.45,44.6
610,1410,1.212,1.81E-05,1,0.45,40.6
611,2490,1.212,1.81E-05,1,0.45,26.1
612,2480,1.212,1.81E-05,1,0.45,31.48
617,1300,1.212,1.81E-05,1,0.45,17.8
624,2500,1.212,1.81E-05,1,0.45,23.2
625,920,1.212,1.81E-05,0.724,0.45,13.1
625,2100,1.212,1.81E-05,1,0.45,24.6
63,1530,1.17,1.75E-05,1,0.45,0.2
63,1530,1.2,1.80E-05,1,0.45,0.2
63.9,3210,1.212,1.81E-05,1,0.57,5.5
630,2540,1.212,1.81E-05,1,0.44,35.6
633,1465,1.212,1.81E-05,1,0.45,17.8
633,7105,1.212,1.81E-05,1,0.45,66
636,2650,1.212,1.81E-05,1,0.45,33.5
636,2500,1.212,1.81E-05,1,0.45,30.3
637,2255,1.212,1.81E-05,1,0.45,22.7
64,2990,1.212,1.81E-05,1,0.45,0.5
64,1890,1.212,1.81E-05,1,0.45,0.56
64,3210,1.212,1.81E-05,1,0.45,0.5
64,1960,1.212,1.81E-05,1,0.54,0.35
64,8730,1.22,1.79E-05,1,0.45,1.2
648,2640,1.212,1.81E-05,1,0.45,23.3
65,1600,1.212,1.81E-05,1,0.45,0.32
65,1720,1.212,1.81E-05,1,0.45,0.27
65,2500,4.548,1.81E-05,1,0.362,0.5
65,1780,1.225,1.79E-05,1,0.45,0.3
65,1780,1.225,1.79E-05,1,0.4,0.3
650,1100,1.212,1.81E-05,1,0.45,13
650,1350,1.212,1.81E-05,1,0.45,15.32
650,2907,1.212,1.81E-05,1,0.45,15.58
650,2650,1.152974026,1.89E-05,1,0.45,38
650,666,1.212,1.81E-05,0.35,0.58,15
650,1040,1.212,1.81E-05,1,0.45,10
651,4590,1.212,1.81E-05,1,0.45,71
653,918,1.212,1.81E-05,1,0.45,23
655,2500,1.212,1.81E-05,1,0.45,29
66,1880,1.212,1.81E-05,1,0.45,0.26
66,2500,1.212,1.81E-05,1,0.45,0.633
66,1398,1.212,1.81E-05,1,0.45,0.2
6640,1257,1.212,1.81E-05,1,0.45,147
665,939,1.212,1.81E-05,1,0.45,13.968
67,4000,1.19166443,1.84E-05,0.56,0.45,0.983
67,4000,1.172,1.86E-05,0.56,0.45,0.98
67,2214,1.212,1.81E-05,1,0.45,0.42
670,2700,1.212,1.81E-05,1,0.4,30
675,918,1.212,1.81E-05,1,0.45,20
677,2630,1.212,1.81E-05,1,0.45,18
677,2630,0.338205714,4.37E-05,1,0.45,16
68,873,1.212,1.81E-05,1,0.45,0.16
68,8730,1.212,1.81E-05,1,0.45,1.69
68,765,1.212,1.81E-05,0.617,0.489,0.1
680,1350,1.212,1.81E-05,1,0.45,47.9
683,2490,1.212,1.81E-05,1,0.45,30.4
687,2645,1.212,1.81E-05,1,0.45,25
6870,423,1.212,1.81E-05,1,0.45,127
69,1350,1.212,1.81E-05,1,0.45,0.27
69,2500,1.212,1.81E-05,1,0.45,1.88
69.4,1500,1.225,1.70E-05,1,0.45,0.35
693,2500,4.548,1.81E-05,0.9,0.371,37.5
697,2837,1.212,1.81E-05,1,0.45,39.24
70,1670,1.212,1.81E-05,1,0.45,0.3
70,1673,0.57184382,3.14E-05,1,0.45,0.3
70,3830,1.212,1.81E-05,1,0.45,1.5
70,1670,1.212,1.81E-05,1,0.45,0.3
70,1730,1.2,1.95E-05,1,0.45,0.33
70,3830,1.212,1.81E-05,1,0.45,0.8
70,1450,1.212,1.81E-05,1,0.45,0.3
70,1600,1.212,1.81E-05,1,0.45,0.25
70,2500,1.21,1.81E-05,0.95,0.45,6
70,1675,1.212,1.81E-05,1,0.45,0.3
70,1420,1.22,1.85E-05,1,0.45,0.23
70,1600,1.212,1.85E-05,1,0.45,0.32
70,1440,1.212,1.81E-05,1,0.45,0.7
70,1673,1.212,1.81E-05,1,0.45,0.3
70.77,2398.89,1.212,1.81E-05,0.826,0.45,4.5
700,2500,1.2,1.80E-05,1,0.45,35
700,2600,1.2,1.81E-05,1,0.45,42
700,2500,1.212,1.81E-05,1,0.45,35
700,2600,4.8,1.81E-05,1,0.45,31
700,2600,1.212,1.81E-05,1,0.45,46
700,2500,1.225,1.81E-05,1,0.45,35
700,1310,1.212,1.81E-05,1,0.45,47.9
700,2500,1.212,1.81E-05,1,0.45,32
700,2500,1.212,1.81E-05,1,0.45,44
700,1870,1.212,1.81E-05,1,0.45,42.1
700,2500,1.2,1.81E-05,1,0.45,32
700,2530,1.212,1.81E-05,0.86,0.45,30.2
701,3760,1.212,1.81E-05,1,0.45,44
709,5850,1.212,1.81E-05,1,0.45,67
71,3341,1.212,1.81E-05,1,0.45,0.8
715,1530,1.212,1.81E-05,1,0.48,36
715,629,1.212,1.81E-05,1,0.59,26.2
717,2785,1.212,1.81E-05,0.79,0.36,32
717,2638,1.212,1.81E-05,0.72,0.42,26
717,2610,1.212,1.81E-05,0.69,0.44,26
717,1545,1.212,1.81E-05,0.65,0.4625,19
718,702,1.212,1.81E-05,1,0.45,38
72,7579,1.212,1.81E-05,1,0.45,1.65
72,7579,1.212,1.81E-05,1,0.45,1.6
72.5,3950,1.212,1.81E-05,1,0.45,0.8
72.5,3970,1.212,1.81E-05,1,0.45,0.8
72.5,1474,1.212,1.81E-05,1,0.45,0.3
7200,365,1.212,1.81E-05,0.55,0.45,116
725,2645,1.212,1.81E-05,1,0.45,34
725,2466,1.212,1.81E-05,1,0.45,20
73,2990,1.212,1.81E-05,1,0.45,0.56
730,7400,1.212,1.81E-05,1,0.45,82
74,2340,1.212,1.81E-05,1,0.45,0.42
740,1120,1.212,1.81E-05,1,0.45,13
744,1474,1.212,1.81E-05,1,0.45,22
75,1500,1.212,1.81E-05,1,0.45,0.22
75,2190,1.212,1.81E-05,1,0.45,0.41
75,2157,1.212,1.81E-05,1,0.45,0.4
75,2260,1.212,1.81E-05,1,0.45,0.42
75,1200,1.212,1.81E-05,1,0.45,0.2
75,2224,1.212,1.81E-05,1,0.45,0.41
75,1500,1.225,1.80E-05,1,0.45,0.278
75,1398,1.212,1.81E-05,1,0.73,0.3
75,2600,1.212,1.81E-05,1,0.45,0.48
75,1770,1.212,1.81E-05,1,0.46,0.65
750,1140,1.212,1.81E-05,0.9,0.45,28.3
750,2500,1.212,1.81E-05,1,0.45,35
750,2640,1.212,1.81E-05,1,0.45,42
750,863,1.16,1.80E-05,1,0.45,14
750,2340,1.212,1.81E-05,0.71,0.45,55
750,2650,1.212,1.81E-05,1,0.45,30
750,3345,1.212,1.81E-05,1,0.45,46
750,1540,1.212,1.81E-05,1,0.45,24
750,1448,1.212,1.81E-05,1,0.45,20.7
750,1600,0.27,4.47E-05,1,0.45,15.9
750,863,1.212,1.81E-05,1,0.45,15
755,1446,1.212,1.81E-05,0.34,0.45,18.5
76,7900,1.212,1.81E-05,1,0.45,4.21
76,1400,1.172,1.86E-05,0.99,0.45,0.49
76,1400,1.212,1.81E-05,1,0.45,0.3
76,8900,1.212,1.81E-05,1,0.45,4.27
76,1400,1.19166443,1.84E-05,0.99,0.45,0.492
76,1290,1.212,1.81E-05,1,0.45,0.21
760,1270,1.212,1.81E-05,1,0.45,54.3
7600,159,1.19166443,1.84E-05,0.5,0.45,34
77,2299,1.212,1.81E-05,1,0.45,0.45
77,1300,1.225,1.49E-05,1,0.39,0.35
77,1398,1.205,1.80E-05,1,0.45,0.3
77.4,1500,1.212,1.81E-05,1,0.45,0.5
770,2650,1.212,1.81E-05,1,0.45,44
774,2200,1.212,1.81E-05,1,0.45,44
775,1080,1.212,1.81E-05,1,0.45,22.7
775,1080,1.212,1.81E-05,1,0.45,22.5
78,3120,1.212,1.81E-05,1,0.45,0.67
78,2462,1.212,1.81E-05,1,0.45,0.49
78,1500,1.212,1.81E-05,1,0.46,0.46
78,4175,1.212,1.81E-05,1,0.45,1.5
780,2634.17,1.212,1.81E-05,0.98,0.523,34.6
780,4920,1.212,1.81E-05,1,0.45,80
780,2740,1.212,1.81E-05,1,0.492,52
780,2712.14,1.212,1.81E-05,0.86,0.374,22.85
780,2650,1.212,1.81E-05,1,0.45,52
780,1153,1.212,1.81E-05,1,0.45,19
780,2053,1.212,1.81E-05,1,0.45,42
780,1135,1.212,1.81E-05,1,0.45,18.3
780,2500,1.212,1.81E-05,1,0.45,38
780,2740,1.212,1.81E-05,1,0.47,54
780,2650,1.212,1.81E-05,1,0.45,40
780,1153,1.212,1.81E-05,1,0.45,13.5
780,2600,1.212,1.81E-05,1,0.45,39
780,2740,1.212,1.81E-05,1,0.513,52
780,2740,1.212,1.81E-05,1,0.538,64
780,2650,1.212,1.81E-05,1,0.45,63.5
780,2712.14,1.212,1.81E-05,0.86,0.521,37.08
785,1220,1.212,1.81E-05,1,0.45,145
79,2340,1.212,1.81E-05,1,0.45,0.48
79,2620,1.172,1.86E-05,0.61,0.45,0.71
790,1505,1.212,1.81E-05,1,0.45,31.5
790,2600,1.19166443,1.84E-05,1,0.45,45
795,1300,1.212,1.81E-05,1,0.45,20.3
80,2460,1.212,1.81E-05,1,0.45,0.6
80,2300,1.212,1.81E-05,1,0.45,0.48
80,1690,1.212,1.81E-05,1,0.45,0.4
800,2500,1.225,1.81E-05,1,0.45,38
800,2500,1.212,1.81E-05,1,0.45,35
800,2490,1.212,1.81E-05,1,0.45,30
802,863.3,1.212,1.81E-05,1,0.346,20
802,863,1.212,1.81E-05,1,0.45,13
802,863,1.212,1.81E-05,0.95,0.45,13
802,863,1.212,1.81E-05,1,0.45,17.4
807,2650,1.212,1.81E-05,1,0.45,39.7
808,2100,1.212,1.81E-05,1,0.45,34.1
81,1490,1.212,1.81E-05,1,0.349,0.3
81,1500,1.212,1.81E-05,1,0.46,0.49
812,189,1.212,1.81E-05,0.84,0.45,9
812,189,1.212,1.81E-05,0.84,0.49,15.6
812,189,1.212,1.81E-05,0.84,0.45,7
812,189,1.212,1.81E-05,0.84,0.45,17
812,189,1.212,1.81E-05,1,0.45,17
812,189,1.212,1.81E-05,1,0.49,7
82,2700,1.212,1.81E-05,1,0.45,0.7
825,189,1.212,1.81E-05,1,0.45,9.4
83,2650,1.212,1.81E-05,1,0.45,1.8
83,4175,1.212,1.81E-05,1,0.45,1.36
83,4175,1.212,1.81E-05,1,0.45,1.24
830,658.5,1.212,1.81E-05,0.72,0.45,12.29
835,3603,1.212,1.81E-05,1,0.45,58
84,2620,1.19166443,1.84E-05,0.57,0.45,0.816
840,1444,1.212,1.81E-05,1,0.45,31.1
841,1950,1.212,1.81E-05,1,0.45,25
85,675,1.212,1.81E-05,1,0.49,0.12
85,2450,1.212,1.81E-05,1,0.45,0.45
850,1927,1.212,1.81E-05,1,0.45,53
850,2600,1.212,1.81E-05,1,0.45,44
850,2930,1.2,1.81E-05,1,0.45,50
851,2513,2.788017621,4.58E-05,1,0.45,24
853,906,1.18,1.80E-05,0.622,0.45,17.6
855,920,1.212,1.81E-05,1,0.45,16.5
856,1200,1.212,1.81E-05,0.78,0.45,55.3
856,1200,1.212,1.81E-05,1,0.45,55.3
859,1200,1.212,1.81E-05,1,0.45,55.3
860,1140,1.212,1.81E-05,0.86,0.45,90
87,4900,0.175,3.94E-05,0.33,0.65,0.76
87,3399,1.212,1.81E-05,1,0.45,0.31
870,518,1.212,1.81E-05,1,0.45,18.2
875,2862,1.212,1.81E-05,1,0.45,42
885,1670,1.184,1.60E-05,1,0.45,32.3
89,2000,1.212,1.81E-05,1,0.45,1.2
89,2000,1.212,1.81E-05,1,0.45,1.5
89.5,2591,1.212,1.81E-05,1,0.45,0.83
8960,1139,1.212,1.81E-05,1,0.45,199
898,1430,1.212,1.81E-05,1,0.45,34.2
899,702,1.212,1.81E-05,1,0.45,16
90,2500,1.212,1.81E-05,1,0.45,0.8
90,2650,1.212,1.81E-05,1,0.45,0.8
90,2846,1.212,1.81E-05,1,0.45,0.75
90,1375,1.225,1.80E-05,1,0.45,0.369
90,2365,1.212,1.81E-05,0.68,0.45,0.6
90,1450,1.212,1.81E-05,1,0.45,0.94
90,3690,1.212,1.81E-05,1,0.45,1.1
90.5,2500,1.212,1.81E-05,1,0.45,0.99
900,950,1.212,1.81E-05,1,0.45,19
900,2740,1.212,1.81E-05,1,0.55,71
900,2650,1.212,1.81E-05,1,0.45,60.91
900,2500,1.212,1.81E-05,1,0.45,54
900,2740,1.212,1.81E-05,1,0.468,69
900,7100,1.212,1.81E-05,1,0.45,125
900,2740,1.212,1.81E-05,1,0.502,64
900,2740,1.212,1.81E-05,1,0.49,60
91,1350,1.212,1.81E-05,1,0.45,0.45
910,1150,1.212,1.81E-05,1,0.45,57.3
911,2632.3,1.212,1.81E-05,1,0.4,13
92,2500,1.212,1.81E-05,0.89,0.45,1.2
92,1745,1.212,1.81E-05,1,0.45,0.3
92,1659,1.212,1.81E-05,1,0.45,0.56
920,1095,1.212,1.81E-05,1,0.45,50
930,2540,1.212,1.81E-05,1,0.44,51
930,1402,1.212,1.81E-05,1,0.45,49
937,2635,1.212,1.81E-05,1,0.45,58.2
95,2480,1.212,1.81E-05,1,0.45,1.4
95,1052,1.212,1.81E-05,1,0.45,0.34
950,8800,3.6,1.81E-05,1,0.45,85
950,2650,1.212,1.81E-05,1,0.45,54
96,2600,1.212,1.81E-05,1,0.45,0.6
96,1400,1.19166443,1.84E-05,0.99,0.45,0.647
96,1400,1.172,1.86E-05,0.99,0.45,0.65
962,2200,2.4,1.81E-05,1,0.45,28
964,1415,1.212,1.81E-05,1,0.45,27.5
98,1560,1.225,1.81E-05,1,0.55,0.606
98,2462,1.212,1.81E-05,1,0.45,0.799
980,507,1.212,1.81E-05,1,0.45,19.6
